recommended_item,score
416,1.642924386294548
327,1.5800871591696695
492,1.541715628790115
91,1.4877153602265998
93,1.4716698719668386
