recommended_item,predicted_rating
364,0.9100292950900459
497,0.6393373109679376
416,0.5644380540263146
422,0.5630203110696347
327,0.5146340740012164
